91,2021-04-03,14:00,28,23,KIA vs 두산,0,0,2,FALSE,FALSE
92,2021-04-03,14:00,24,32,롯데 vs SK,0,0,2,FALSE,FALSE
93,2021-04-03,14:00,30,31,LG vs NC,0,0,2,FALSE,FALSE
94,2021-04-03,14:00,27,29,한화 vs KT,0,0,2,FALSE,FALSE
95,2021-04-03,14:00,25,26,삼성 vs 키움,0,0,2,FALSE,FALSE
96,2021-04-04,14:00,28,23,KIA vs 두산,0,0,2,FALSE,FALSE
97,2021-04-04,14:00,24,32,롯데 vs SK,0,0,2,FALSE,FALSE
98,2021-04-04,14:00,30,31,LG vs NC,0,0,2,FALSE,FALSE
99,2021-04-04,14:00,27,29,한화 vs KT,0,0,2,FALSE,FALSE
100,2021-04-04,14:00,25,26,삼성 vs 키움,0,0,2,FALSE,FALSE
101,2021-04-06,18:30,25,23,삼성 vs 두산,0,0,2,FALSE,FALSE
102,2021-04-06,18:30,27,32,한화 vs SK,0,0,2,FALSE,FALSE
103,2021-04-06,18:30,24,31,롯데 vs NC,0,0,2,FALSE,FALSE
104,2021-04-06,18:30,30,29,LG vs KT,0,0,2,FALSE,FALSE
105,2021-04-06,18:30,28,26,KIA vs 키움,0,0,2,FALSE,FALSE
106,2021-04-07,18:30,25,23,삼성 vs 두산,0,0,2,FALSE,FALSE
107,2021-04-07,18:30,27,32,한화 vs SK,0,0,2,FALSE,FALSE
108,2021-04-07,18:30,24,31,롯데 vs NC,0,0,2,FALSE,FALSE
109,2021-04-07,18:30,30,29,LG vs KT,0,0,2,FALSE,FALSE
110,2021-04-07,18:30,28,26,KIA vs 키움,0,0,2,FALSE,FALSE
111,2021-04-08,18:30,25,23,삼성 vs 두산,0,0,2,FALSE,FALSE
112,2021-04-08,18:30,27,32,한화 vs SK,0,0,2,FALSE,FALSE
113,2021-04-08,18:30,24,31,롯데 vs NC,0,0,2,FALSE,FALSE
114,2021-04-08,18:30,30,29,LG vs KT,0,0,2,FALSE,FALSE
115,2021-04-08,18:30,28,26,KIA vs 키움,0,0,2,FALSE,FALSE
116,2021-04-09,18:30,32,30,SK vs LG,0,0,2,FALSE,FALSE
117,2021-04-09,18:30,26,24,키움 vs 롯데,0,0,2,FALSE,FALSE
118,2021-04-09,18:30,29,25,KT vs 삼성,0,0,2,FALSE,FALSE
119,2021-04-09,18:30,31,28,NC vs KIA,0,0,2,FALSE,FALSE
120,2021-04-09,18:30,23,27,두산 vs 한화,0,0,2,FALSE,FALSE
121,2021-04-10,17:00,32,30,SK vs LG,0,0,2,FALSE,FALSE
122,2021-04-10,17:00,26,24,키움 vs 롯데,0,0,2,FALSE,FALSE
123,2021-04-10,17:00,29,25,KT vs 삼성,0,0,2,FALSE,FALSE
124,2021-04-10,17:00,31,28,NC vs KIA,0,0,2,FALSE,FALSE
125,2021-04-10,17:00,23,27,두산 vs 한화,0,0,2,FALSE,FALSE
126,2021-04-11,14:00,32,30,SK vs LG,0,0,2,FALSE,FALSE
127,2021-04-11,14:00,26,24,키움 vs 롯데,0,0,2,FALSE,FALSE
128,2021-04-11,14:00,29,25,KT vs 삼성,0,0,2,FALSE,FALSE
129,2021-04-11,14:00,31,28,NC vs KIA,0,0,2,FALSE,FALSE
130,2021-04-11,14:00,23,27,두산 vs 한화,0,0,2,FALSE,FALSE
131,2021-04-13,18:30,29,23,KT vs 두산,0,0,2,FALSE,FALSE
132,2021-04-13,18:30,31,32,NC vs SK,0,0,2,FALSE,FALSE
133,2021-04-13,18:30,27,25,한화 vs 삼성,0,0,2,FALSE,FALSE
134,2021-04-13,18:30,24,28,롯데 vs KIA,0,0,2,FALSE,FALSE
135,2021-04-13,18:30,30,26,LG vs 키움,0,0,2,FALSE,FALSE
136,2021-04-14,18:30,29,23,KT vs 두산,0,0,2,FALSE,FALSE
137,2021-04-14,18:30,31,32,NC vs SK,0,0,2,FALSE,FALSE
138,2021-04-14,18:30,27,25,한화 vs 삼성,0,0,2,FALSE,FALSE
139,2021-04-14,18:30,24,28,롯데 vs KIA,0,0,2,FALSE,FALSE
140,2021-04-14,18:30,30,26,LG vs 키움,0,0,2,FALSE,FALSE
141,2021-04-15,18:30,29,23,KT vs 두산,0,0,2,FALSE,FALSE
142,2021-04-15,18:30,31,32,NC vs SK,0,0,2,FALSE,FALSE
143,2021-04-15,18:30,27,25,한화 vs 삼성,0,0,2,FALSE,FALSE
144,2021-04-15,18:30,24,28,롯데 vs KIA,0,0,2,FALSE,FALSE
145,2021-04-15,18:30,30,26,LG vs 키움,0,0,2,FALSE,FALSE
146,2021-04-16,18:30,23,30,두산 vs LG,0,0,2,FALSE,FALSE
147,2021-04-16,18:30,28,32,KIA vs SK,0,0,2,FALSE,FALSE
148,2021-04-16,18:30,25,24,삼성 vs 롯데,0,0,2,FALSE,FALSE
149,2021-04-16,18:30,27,31,한화 vs NC,0,0,2,FALSE,FALSE
150,2021-04-16,18:30,26,29,키움 vs KT,0,0,2,FALSE,FALSE
151,2021-04-17,17:00,23,30,두산 vs LG,0,0,2,FALSE,FALSE
152,2021-04-17,17:00,28,32,KIA vs SK,0,0,2,FALSE,FALSE
153,2021-04-17,17:00,25,24,삼성 vs 롯데,0,0,2,FALSE,FALSE
154,2021-04-17,17:00,27,31,한화 vs NC,0,0,2,FALSE,FALSE
155,2021-04-17,17:00,26,29,키움 vs KT,0,0,2,FALSE,FALSE
156,2021-04-18,14:00,23,30,두산 vs LG,0,0,2,FALSE,FALSE
157,2021-04-18,14:00,28,32,KIA vs SK,0,0,2,FALSE,FALSE
158,2021-04-18,14:00,25,24,삼성 vs 롯데,0,0,2,FALSE,FALSE
159,2021-04-18,14:00,27,31,한화 vs NC,0,0,2,FALSE,FALSE
160,2021-04-18,14:00,26,29,키움 vs KT,0,0,2,FALSE,FALSE
161,2021-04-20,18:30,28,30,KIA vs LG,0,0,2,FALSE,FALSE
162,2021-04-20,18:30,23,24,두산 vs 롯데,0,0,2,FALSE,FALSE
163,2021-04-20,18:30,32,25,SK vs 삼성,0,0,2,FALSE,FALSE
164,2021-04-20,18:30,29,31,KT vs NC,0,0,2,FALSE,FALSE
165,2021-04-20,18:30,26,27,키움 vs 한화,0,0,2,FALSE,FALSE
166,2021-04-21,18:30,28,30,KIA vs LG,0,0,2,FALSE,FALSE
167,2021-04-21,18:30,23,24,두산 vs 롯데,0,0,2,FALSE,FALSE
168,2021-04-21,18:30,32,25,SK vs 삼성,0,0,2,FALSE,FALSE
169,2021-04-21,18:30,29,31,KT vs NC,0,0,2,FALSE,FALSE
170,2021-04-21,18:30,26,27,키움 vs 한화,0,0,2,FALSE,FALSE
171,2021-04-22,18:30,28,30,KIA vs LG,0,0,2,FALSE,FALSE
172,2021-04-22,18:30,23,24,두산 vs 롯데,0,0,2,FALSE,FALSE
173,2021-04-22,18:30,32,25,SK vs 삼성,0,0,2,FALSE,FALSE
174,2021-04-22,18:30,29,31,KT vs NC,0,0,2,FALSE,FALSE
175,2021-04-22,18:30,26,27,키움 vs 한화,0,0,2,FALSE,FALSE
176,2021-04-23,18:30,31,23,NC vs 두산,0,0,2,FALSE,FALSE
177,2021-04-23,18:30,24,29,롯데 vs KT,0,0,2,FALSE,FALSE
178,2021-04-23,18:30,25,28,삼성 vs KIA,0,0,2,FALSE,FALSE
179,2021-04-23,18:30,32,26,SK vs 키움,0,0,2,FALSE,FALSE
180,2021-04-23,18:30,30,27,LG vs 한화,0,0,2,FALSE,FALSE
181,2021-04-24,17:00,31,23,NC vs 두산,0,0,2,FALSE,FALSE
182,2021-04-24,17:00,24,29,롯데 vs KT,0,0,2,FALSE,FALSE
183,2021-04-24,17:00,25,28,삼성 vs KIA,0,0,2,FALSE,FALSE
184,2021-04-24,17:00,32,26,SK vs 키움,0,0,2,FALSE,FALSE
185,2021-04-24,17:00,30,27,LG vs 한화,0,0,2,FALSE,FALSE
186,2021-04-25,14:00,31,23,NC vs 두산,0,0,2,FALSE,FALSE
187,2021-04-25,14:00,24,29,롯데 vs KT,0,0,2,FALSE,FALSE
188,2021-04-25,14:00,25,28,삼성 vs KIA,0,0,2,FALSE,FALSE
189,2021-04-25,14:00,32,26,SK vs 키움,0,0,2,FALSE,FALSE
190,2021-04-25,14:00,30,27,LG vs 한화,0,0,2,FALSE,FALSE
191,2021-04-27,18:30,24,30,롯데 vs LG,0,0,2,FALSE,FALSE
192,2021-04-27,18:30,29,32,KT vs SK,0,0,2,FALSE,FALSE
193,2021-04-27,18:30,31,25,NC vs 삼성,0,0,2,FALSE,FALSE
194,2021-04-27,18:30,27,28,한화 vs KIA,0,0,2,FALSE,FALSE
195,2021-04-27,18:30,23,26,두산 vs 키움,0,0,2,FALSE,FALSE
196,2021-04-28,18:30,24,30,롯데 vs LG,0,0,2,FALSE,FALSE
197,2021-04-28,18:30,29,32,KT vs SK,0,0,2,FALSE,FALSE
198,2021-04-28,18:30,31,25,NC vs 삼성,0,0,2,FALSE,FALSE
199,2021-04-28,18:30,27,28,한화 vs KIA,0,0,2,FALSE,FALSE
200,2021-04-28,18:30,23,26,두산 vs 키움,0,0,2,FALSE,FALSE
201,2021-04-29,18:30,24,30,롯데 vs LG,0,0,2,FALSE,FALSE
202,2021-04-29,18:30,29,32,KT vs SK,0,0,2,FALSE,FALSE
203,2021-04-29,18:30,31,25,NC vs 삼성,0,0,2,FALSE,FALSE
204,2021-04-29,18:30,27,28,한화 vs KIA,0,0,2,FALSE,FALSE
205,2021-04-29,18:30,23,26,두산 vs 키움,0,0,2,FALSE,FALSE
206,2021-04-30,18:30,32,23,SK vs 두산,0,0,2,FALSE,FALSE
207,2021-04-30,18:30,27,24,한화 vs 롯데,0,0,2,FALSE,FALSE
208,2021-04-30,18:30,30,25,LG vs 삼성,0,0,2,FALSE,FALSE
209,2021-04-30,18:30,26,31,키움 vs NC,0,0,2,FALSE,FALSE
210,2021-04-30,18:30,28,29,KIA vs KT,0,0,2,FALSE,FALSE
211,2021-05-01,17:00,32,23,SK vs 두산,0,0,2,FALSE,FALSE
212,2021-05-01,17:00,27,24,한화 vs 롯데,0,0,2,FALSE,FALSE
213,2021-05-01,17:00,30,25,LG vs 삼성,0,0,2,FALSE,FALSE
214,2021-05-01,17:00,26,31,키움 vs NC,0,0,2,FALSE,FALSE
215,2021-05-01,17:00,28,29,KIA vs KT,0,0,2,FALSE,FALSE
216,2021-05-02,14:00,32,23,SK vs 두산,0,0,2,FALSE,FALSE
217,2021-05-02,14:00,27,24,한화 vs 롯데,0,0,2,FALSE,FALSE
218,2021-05-02,14:00,30,25,LG vs 삼성,0,0,2,FALSE,FALSE
219,2021-05-02,14:00,26,31,키움 vs NC,0,0,2,FALSE,FALSE
220,2021-05-02,14:00,28,29,KIA vs KT,0,0,2,FALSE,FALSE
221,2021-05-04,18:30,30,23,LG vs 두산,0,0,2,FALSE,FALSE
222,2021-05-04,18:30,28,24,KIA vs 롯데,0,0,2,FALSE,FALSE
223,2021-05-04,18:30,32,31,SK vs NC,0,0,2,FALSE,FALSE
224,2021-05-04,18:30,29,26,KT vs 키움,0,0,2,FALSE,FALSE
225,2021-05-04,18:30,25,27,삼성 vs 한화,0,0,2,FALSE,FALSE
226,2021-05-05,14:00,30,23,LG vs 두산,0,0,2,FALSE,FALSE
227,2021-05-05,14:00,28,24,KIA vs 롯데,0,0,2,FALSE,FALSE
228,2021-05-05,14:00,32,31,SK vs NC,0,0,2,FALSE,FALSE
229,2021-05-05,14:00,29,26,KT vs 키움,0,0,2,FALSE,FALSE
230,2021-05-05,14:00,25,27,삼성 vs 한화,0,0,2,FALSE,FALSE
231,2021-05-06,18:30,30,23,LG vs 두산,0,0,2,FALSE,FALSE
232,2021-05-06,18:30,28,24,KIA vs 롯데,0,0,2,FALSE,FALSE
233,2021-05-06,18:30,32,31,SK vs NC,0,0,2,FALSE,FALSE
234,2021-05-06,18:30,29,26,KT vs 키움,0,0,2,FALSE,FALSE
235,2021-05-06,18:30,25,27,삼성 vs 한화,0,0,2,FALSE,FALSE
236,2021-05-07,18:30,27,30,한화 vs LG,0,0,2,FALSE,FALSE
237,2021-05-07,18:30,26,32,키움 vs SK,0,0,2,FALSE,FALSE
238,2021-05-07,18:30,24,25,롯데 vs 삼성,0,0,2,FALSE,FALSE
239,2021-05-07,18:30,31,29,NC vs KT,0,0,2,FALSE,FALSE
240,2021-05-07,18:30,23,28,두산 vs KIA,0,0,2,FALSE,FALSE
241,2021-05-08,17:00,27,30,한화 vs LG,0,0,2,FALSE,FALSE
242,2021-05-08,17:00,26,32,키움 vs SK,0,0,2,FALSE,FALSE
243,2021-05-08,17:00,24,25,롯데 vs 삼성,0,0,2,FALSE,FALSE
244,2021-05-08,17:00,31,29,NC vs KT,0,0,2,FALSE,FALSE
245,2021-05-08,17:00,23,28,두산 vs KIA,0,0,2,FALSE,FALSE
246,2021-05-09,14:00,27,30,한화 vs LG,0,0,2,FALSE,FALSE
247,2021-05-09,14:00,26,32,키움 vs SK,0,0,2,FALSE,FALSE
248,2021-05-09,14:00,24,25,롯데 vs 삼성,0,0,2,FALSE,FALSE
249,2021-05-09,14:00,31,29,NC vs KT,0,0,2,FALSE,FALSE
250,2021-05-09,14:00,23,28,두산 vs KIA,0,0,2,FALSE,FALSE
251,2021-05-11,18:30,26,23,키움 vs 두산,0,0,2,FALSE,FALSE
252,2021-05-11,18:30,32,24,SK vs 롯데,0,0,2,FALSE,FALSE
253,2021-05-11,18:30,25,29,삼성 vs KT,0,0,2,FALSE,FALSE
254,2021-05-11,18:30,30,28,LG vs KIA,0,0,2,FALSE,FALSE
255,2021-05-11,18:30,31,27,NC vs 한화,0,0,2,FALSE,FALSE
256,2021-05-12,18:30,26,23,키움 vs 두산,0,0,2,FALSE,FALSE
257,2021-05-12,18:30,32,24,SK vs 롯데,0,0,2,FALSE,FALSE
258,2021-05-12,18:30,25,29,삼성 vs KT,0,0,2,FALSE,FALSE
259,2021-05-12,18:30,30,28,LG vs KIA,0,0,2,FALSE,FALSE
260,2021-05-12,18:30,31,27,NC vs 한화,0,0,2,FALSE,FALSE
261,2021-05-13,18:30,26,23,키움 vs 두산,0,0,2,FALSE,FALSE
262,2021-05-13,18:30,32,24,SK vs 롯데,0,0,2,FALSE,FALSE
263,2021-05-13,18:30,25,29,삼성 vs KT,0,0,2,FALSE,FALSE
264,2021-05-13,18:30,30,28,LG vs KIA,0,0,2,FALSE,FALSE
265,2021-05-13,18:30,31,27,NC vs 한화,0,0,2,FALSE,FALSE
266,2021-05-14,18:30,25,30,삼성 vs LG,0,0,2,FALSE,FALSE
267,2021-05-14,18:30,23,32,두산 vs SK,0,0,2,FALSE,FALSE
268,2021-05-14,18:30,29,24,KT vs 롯데,0,0,2,FALSE,FALSE
269,2021-05-14,18:30,28,31,KIA vs NC,0,0,2,FALSE,FALSE
270,2021-05-14,18:30,27,26,한화 vs 키움,0,0,2,FALSE,FALSE
271,2021-05-15,17:00,25,30,삼성 vs LG,0,0,2,FALSE,FALSE
272,2021-05-15,17:00,23,32,두산 vs SK,0,0,2,FALSE,FALSE
273,2021-05-15,17:00,29,24,KT vs 롯데,0,0,2,FALSE,FALSE
274,2021-05-15,17:00,28,31,KIA vs NC,0,0,2,FALSE,FALSE
275,2021-05-15,17:00,27,26,한화 vs 키움,0,0,2,FALSE,FALSE
276,2021-05-16,14:00,25,30,삼성 vs LG,0,0,2,FALSE,FALSE
277,2021-05-16,14:00,23,32,두산 vs SK,0,0,2,FALSE,FALSE
278,2021-05-16,14:00,29,24,KT vs 롯데,0,0,2,FALSE,FALSE
279,2021-05-16,14:00,28,31,KIA vs NC,0,0,2,FALSE,FALSE
280,2021-05-16,14:00,27,26,한화 vs 키움,0,0,2,FALSE,FALSE
281,2021-05-18,18:30,31,30,NC vs LG,0,0,2,FALSE,FALSE
282,2021-05-18,18:30,26,25,키움 vs 삼성,0,0,2,FALSE,FALSE
283,2021-05-18,18:30,23,29,두산 vs KT,0,0,2,FALSE,FALSE
284,2021-05-18,18:30,32,28,SK vs KIA,0,0,2,FALSE,FALSE
285,2021-05-18,18:30,24,27,롯데 vs 한화,0,0,2,FALSE,FALSE
286,2021-05-19,14:00,31,30,NC vs LG,0,0,2,FALSE,FALSE
287,2021-05-19,14:00,26,25,키움 vs 삼성,0,0,2,FALSE,FALSE
288,2021-05-19,14:00,23,29,두산 vs KT,0,0,2,FALSE,FALSE
289,2021-05-19,14:00,32,28,SK vs KIA,0,0,2,FALSE,FALSE
290,2021-05-19,14:00,24,27,롯데 vs 한화,0,0,2,FALSE,FALSE
291,2021-05-20,18:30,31,30,NC vs LG,0,0,2,FALSE,FALSE
292,2021-05-20,18:30,26,25,키움 vs 삼성,0,0,2,FALSE,FALSE
293,2021-05-20,18:30,23,29,두산 vs KT,0,0,2,FALSE,FALSE
294,2021-05-20,18:30,32,28,SK vs KIA,0,0,2,FALSE,FALSE
295,2021-05-20,18:30,24,27,롯데 vs 한화,0,0,2,FALSE,FALSE
296,2021-05-21,18:30,24,23,롯데 vs 두산,0,0,2,FALSE,FALSE
297,2021-05-21,18:30,30,32,LG vs SK,0,0,2,FALSE,FALSE
298,2021-05-21,18:30,28,25,KIA vs 삼성,0,0,2,FALSE,FALSE
299,2021-05-21,18:30,31,26,NC vs 키움,0,0,2,FALSE,FALSE
300,2021-05-21,18:30,29,27,KT vs 한화,0,0,2,FALSE,FALSE
301,2021-05-22,17:00,24,23,롯데 vs 두산,0,0,2,FALSE,FALSE
302,2021-05-22,17:00,30,32,LG vs SK,0,0,2,FALSE,FALSE
303,2021-05-22,17:00,28,25,KIA vs 삼성,0,0,2,FALSE,FALSE
304,2021-05-22,17:00,31,26,NC vs 키움,0,0,2,FALSE,FALSE
305,2021-05-22,17:00,29,27,KT vs 한화,0,0,2,FALSE,FALSE
306,2021-05-23,14:00,24,23,롯데 vs 두산,0,0,2,FALSE,FALSE
307,2021-05-23,14:00,30,32,LG vs SK,0,0,2,FALSE,FALSE
308,2021-05-23,14:00,28,25,KIA vs 삼성,0,0,2,FALSE,FALSE
309,2021-05-23,14:00,31,26,NC vs 키움,0,0,2,FALSE,FALSE
310,2021-05-23,14:00,29,27,KT vs 한화,0,0,2,FALSE,FALSE
311,2021-05-25,18:30,27,23,한화 vs 두산,0,0,2,FALSE,FALSE
312,2021-05-25,18:30,30,24,LG vs 롯데,0,0,2,FALSE,FALSE
313,2021-05-25,18:30,25,31,삼성 vs NC,0,0,2,FALSE,FALSE
314,2021-05-25,18:30,32,29,SK vs KT,0,0,2,FALSE,FALSE
315,2021-05-25,18:30,26,28,키움 vs KIA,0,0,2,FALSE,FALSE
316,2021-05-26,18:30,27,23,한화 vs 두산,0,0,2,FALSE,FALSE
317,2021-05-26,18:30,30,24,LG vs 롯데,0,0,2,FALSE,FALSE
318,2021-05-26,18:30,25,31,삼성 vs NC,0,0,2,FALSE,FALSE
319,2021-05-26,18:30,32,29,SK vs KT,0,0,2,FALSE,FALSE
320,2021-05-26,18:30,26,28,키움 vs KIA,0,0,2,FALSE,FALSE
321,2021-05-27,18:30,27,23,한화 vs 두산,0,0,2,FALSE,FALSE
322,2021-05-27,18:30,30,24,LG vs 롯데,0,0,2,FALSE,FALSE
323,2021-05-27,18:30,25,31,삼성 vs NC,0,0,2,FALSE,FALSE
324,2021-05-27,18:30,32,29,SK vs KT,0,0,2,FALSE,FALSE
325,2021-05-27,18:30,26,28,키움 vs KIA,0,0,2,FALSE,FALSE
326,2021-05-28,18:30,26,30,키움 vs LG,0,0,2,FALSE,FALSE
327,2021-05-28,18:30,31,24,NC vs 롯데,0,0,2,FALSE,FALSE
328,2021-05-28,18:30,23,25,두산 vs 삼성,0,0,2,FALSE,FALSE
329,2021-05-28,18:30,29,28,KT vs KIA,0,0,2,FALSE,FALSE
330,2021-05-28,18:30,32,27,SK vs 한화,0,0,2,FALSE,FALSE
331,2021-05-29,17:00,26,30,키움 vs LG,0,0,2,FALSE,FALSE
332,2021-05-29,17:00,31,24,NC vs 롯데,0,0,2,FALSE,FALSE
333,2021-05-29,17:00,23,25,두산 vs 삼성,0,0,2,FALSE,FALSE
334,2021-05-29,17:00,29,28,KT vs KIA,0,0,2,FALSE,FALSE
335,2021-05-29,17:00,32,27,SK vs 한화,0,0,2,FALSE,FALSE
336,2021-05-30,14:00,26,30,키움 vs LG,0,0,2,FALSE,FALSE
337,2021-05-30,14:00,31,24,NC vs 롯데,0,0,2,FALSE,FALSE
338,2021-05-30,14:00,23,25,두산 vs 삼성,0,0,2,FALSE,FALSE
339,2021-05-30,14:00,29,28,KT vs KIA,0,0,2,FALSE,FALSE
340,2021-05-30,14:00,32,27,SK vs 한화,0,0,2,FALSE,FALSE
341,2021-06-01,18:30,29,30,KT vs LG,0,0,2,FALSE,FALSE
342,2021-06-01,18:30,25,32,삼성 vs SK,0,0,2,FALSE,FALSE
343,2021-06-01,18:30,23,31,두산 vs NC,0,0,2,FALSE,FALSE
344,2021-06-01,18:30,24,26,롯데 vs 키움,0,0,2,FALSE,FALSE
345,2021-06-01,18:30,28,27,KIA vs 한화,0,0,2,FALSE,FALSE
346,2021-06-02,18:30,29,30,KT vs LG,0,0,2,FALSE,FALSE
347,2021-06-02,18:30,25,32,삼성 vs SK,0,0,2,FALSE,FALSE
348,2021-06-02,18:30,23,31,두산 vs NC,0,0,2,FALSE,FALSE
349,2021-06-02,18:30,24,26,롯데 vs 키움,0,0,2,FALSE,FALSE
350,2021-06-02,18:30,28,27,KIA vs 한화,0,0,2,FALSE,FALSE
351,2021-06-03,18:30,29,30,KT vs LG,0,0,2,FALSE,FALSE
352,2021-06-03,18:30,25,32,삼성 vs SK,0,0,2,FALSE,FALSE
353,2021-06-03,18:30,23,31,두산 vs NC,0,0,2,FALSE,FALSE
354,2021-06-03,18:30,24,26,롯데 vs 키움,0,0,2,FALSE,FALSE
355,2021-06-03,18:30,28,27,KIA vs 한화,0,0,2,FALSE,FALSE
356,2021-06-04,18:30,32,23,SK vs 두산,0,0,2,FALSE,FALSE
357,2021-06-04,18:30,27,31,한화 vs NC,0,0,2,FALSE,FALSE
358,2021-06-04,18:30,24,29,롯데 vs KT,0,0,2,FALSE,FALSE
359,2021-06-04,18:30,30,28,LG vs KIA,0,0,2,FALSE,FALSE
360,2021-06-04,18:30,25,26,삼성 vs 키움,0,0,2,FALSE,FALSE
361,2021-06-05,17:00,32,23,SK vs 두산,0,0,2,FALSE,FALSE
362,2021-06-05,17:00,27,31,한화 vs NC,0,0,2,FALSE,FALSE
363,2021-06-05,17:00,24,29,롯데 vs KT,0,0,2,FALSE,FALSE
364,2021-06-05,17:00,30,28,LG vs KIA,0,0,2,FALSE,FALSE
365,2021-06-05,17:00,25,26,삼성 vs 키움,0,0,2,FALSE,FALSE
366,2021-06-06,17:00,32,23,SK vs 두산,0,0,2,FALSE,FALSE
367,2021-06-06,17:00,27,31,한화 vs NC,0,0,2,FALSE,FALSE
368,2021-06-06,17:00,24,29,롯데 vs KT,0,0,2,FALSE,FALSE
369,2021-06-06,17:00,30,28,LG vs KIA,0,0,2,FALSE,FALSE
370,2021-06-06,17:00,25,26,삼성 vs 키움,0,0,2,FALSE,FALSE
371,2021-06-08,18:30,31,30,NC vs LG,0,0,2,FALSE,FALSE
372,2021-06-08,18:30,29,32,KT vs SK,0,0,2,FALSE,FALSE
373,2021-06-08,18:30,23,24,두산 vs 롯데,0,0,2,FALSE,FALSE
374,2021-06-08,18:30,28,25,KIA vs 삼성,0,0,2,FALSE,FALSE
375,2021-06-08,18:30,26,27,키움 vs 한화,0,0,2,FALSE,FALSE
376,2021-06-09,18:30,31,30,NC vs LG,0,0,2,FALSE,FALSE
377,2021-06-09,18:30,29,32,KT vs SK,0,0,2,FALSE,FALSE
378,2021-06-09,18:30,23,24,두산 vs 롯데,0,0,2,FALSE,FALSE
379,2021-06-09,18:30,28,25,KIA vs 삼성,0,0,2,FALSE,FALSE
380,2021-06-09,18:30,26,27,키움 vs 한화,0,0,2,FALSE,FALSE
381,2021-06-10,18:30,31,30,NC vs LG,0,0,2,FALSE,FALSE
382,2021-06-10,18:30,29,32,KT vs SK,0,0,2,FALSE,FALSE
383,2021-06-10,18:30,23,24,두산 vs 롯데,0,0,2,FALSE,FALSE
384,2021-06-10,18:30,28,25,KIA vs 삼성,0,0,2,FALSE,FALSE
385,2021-06-10,18:30,26,27,키움 vs 한화,0,0,2,FALSE,FALSE
386,2021-06-11,18:30,23,30,두산 vs LG,0,0,2,FALSE,FALSE
387,2021-06-11,18:30,26,32,키움 vs SK,0,0,2,FALSE,FALSE
388,2021-06-11,18:30,28,24,KIA vs 롯데,0,0,2,FALSE,FALSE
389,2021-06-11,18:30,31,25,NC vs 삼성,0,0,2,FALSE,FALSE
390,2021-06-11,18:30,27,29,한화 vs KT,0,0,2,FALSE,FALSE
391,2021-06-12,17:00,23,30,두산 vs LG,0,0,2,FALSE,FALSE
392,2021-06-12,17:00,26,32,키움 vs SK,0,0,2,FALSE,FALSE
393,2021-06-12,17:00,28,24,KIA vs 롯데,0,0,2,FALSE,FALSE
394,2021-06-12,17:00,31,25,NC vs 삼성,0,0,2,FALSE,FALSE
395,2021-06-12,17:00,27,29,한화 vs KT,0,0,2,FALSE,FALSE
396,2021-06-13,17:00,23,30,두산 vs LG,0,0,2,FALSE,FALSE
397,2021-06-13,17:00,26,32,키움 vs SK,0,0,2,FALSE,FALSE
398,2021-06-13,17:00,28,24,KIA vs 롯데,0,0,2,FALSE,FALSE
399,2021-06-13,17:00,31,25,NC vs 삼성,0,0,2,FALSE,FALSE
400,2021-06-13,17:00,27,29,한화 vs KT,0,0,2,FALSE,FALSE
401,2021-06-15,18:30,25,23,삼성 vs 두산,0,0,2,FALSE,FALSE
402,2021-06-15,18:30,29,31,KT vs NC,0,0,2,FALSE,FALSE
403,2021-06-15,18:30,32,28,SK vs KIA,0,0,2,FALSE,FALSE
404,2021-06-15,18:30,30,26,LG vs 키움,0,0,2,FALSE,FALSE
405,2021-06-15,18:30,24,27,롯데 vs 한화,0,0,2,FALSE,FALSE
406,2021-06-16,18:30,25,23,삼성 vs 두산,0,0,2,FALSE,FALSE
407,2021-06-16,18:30,29,31,KT vs NC,0,0,2,FALSE,FALSE
408,2021-06-16,18:30,32,28,SK vs KIA,0,0,2,FALSE,FALSE
409,2021-06-16,18:30,30,26,LG vs 키움,0,0,2,FALSE,FALSE
410,2021-06-16,18:30,24,27,롯데 vs 한화,0,0,2,FALSE,FALSE
411,2021-06-17,18:30,25,23,삼성 vs 두산,0,0,2,FALSE,FALSE
412,2021-06-17,18:30,29,31,KT vs NC,0,0,2,FALSE,FALSE
413,2021-06-17,18:30,32,28,SK vs KIA,0,0,2,FALSE,FALSE
414,2021-06-17,18:30,30,26,LG vs 키움,0,0,2,FALSE,FALSE
415,2021-06-17,18:30,24,27,롯데 vs 한화,0,0,2,FALSE,FALSE
416,2021-06-18,18:30,28,30,KIA vs LG,0,0,2,FALSE,FALSE
417,2021-06-18,18:30,25,24,삼성 vs 롯데,0,0,2,FALSE,FALSE
418,2021-06-18,18:30,26,31,키움 vs NC,0,0,2,FALSE,FALSE
419,2021-06-18,18:30,23,29,두산 vs KT,0,0,2,FALSE,FALSE
420,2021-06-18,18:30,32,27,SK vs 한화,0,0,2,FALSE,FALSE
421,2021-06-19,17:00,28,30,KIA vs LG,0,0,2,FALSE,FALSE
422,2021-06-19,17:00,25,24,삼성 vs 롯데,0,0,2,FALSE,FALSE
423,2021-06-19,17:00,26,31,키움 vs NC,0,0,2,FALSE,FALSE
424,2021-06-19,17:00,23,29,두산 vs KT,0,0,2,FALSE,FALSE
425,2021-06-19,17:00,32,27,SK vs 한화,0,0,2,FALSE,FALSE
426,2021-06-20,17:00,28,30,KIA vs LG,0,0,2,FALSE,FALSE
427,2021-06-20,17:00,25,24,삼성 vs 롯데,0,0,2,FALSE,FALSE
428,2021-06-20,17:00,26,31,키움 vs NC,0,0,2,FALSE,FALSE
429,2021-06-20,17:00,23,29,두산 vs KT,0,0,2,FALSE,FALSE
430,2021-06-20,17:00,32,27,SK vs 한화,0,0,2,FALSE,FALSE
431,2021-06-22,18:30,26,23,키움 vs 두산,0,0,2,FALSE,FALSE
432,2021-06-22,18:30,30,32,LG vs SK,0,0,2,FALSE,FALSE
433,2021-06-22,18:30,31,24,NC vs 롯데,0,0,2,FALSE,FALSE
434,2021-06-22,18:30,27,25,한화 vs 삼성,0,0,2,FALSE,FALSE
435,2021-06-22,18:30,28,29,KIA vs KT,0,0,2,FALSE,FALSE
436,2021-06-23,18:30,26,23,키움 vs 두산,0,0,2,FALSE,FALSE
437,2021-06-23,18:30,30,32,LG vs SK,0,0,2,FALSE,FALSE
438,2021-06-23,18:30,31,24,NC vs 롯데,0,0,2,FALSE,FALSE
439,2021-06-23,18:30,27,25,한화 vs 삼성,0,0,2,FALSE,FALSE
440,2021-06-23,18:30,28,29,KIA vs KT,0,0,2,FALSE,FALSE
441,2021-06-24,18:30,26,23,키움 vs 두산,0,0,2,FALSE,FALSE
442,2021-06-24,18:30,30,32,LG vs SK,0,0,2,FALSE,FALSE
443,2021-06-24,18:30,31,24,NC vs 롯데,0,0,2,FALSE,FALSE
444,2021-06-24,18:30,27,25,한화 vs 삼성,0,0,2,FALSE,FALSE
445,2021-06-24,18:30,28,29,KIA vs KT,0,0,2,FALSE,FALSE
446,2021-06-25,18:30,24,23,롯데 vs 두산,0,0,2,FALSE,FALSE
447,2021-06-25,18:30,30,25,LG vs 삼성,0,0,2,FALSE,FALSE
448,2021-06-25,18:30,32,31,SK vs NC,0,0,2,FALSE,FALSE
449,2021-06-25,18:30,28,26,KIA vs 키움,0,0,2,FALSE,FALSE
450,2021-06-25,18:30,29,27,KT vs 한화,0,0,2,FALSE,FALSE
451,2021-06-26,17:00,24,23,롯데 vs 두산,0,0,2,FALSE,FALSE
452,2021-06-26,17:00,30,25,LG vs 삼성,0,0,2,FALSE,FALSE
453,2021-06-26,17:00,32,31,SK vs NC,0,0,2,FALSE,FALSE
454,2021-06-26,17:00,28,26,KIA vs 키움,0,0,2,FALSE,FALSE
455,2021-06-26,17:00,29,27,KT vs 한화,0,0,2,FALSE,FALSE
456,2021-06-27,17:00,24,23,롯데 vs 두산,0,0,2,FALSE,FALSE
457,2021-06-27,17:00,30,25,LG vs 삼성,0,0,2,FALSE,FALSE
458,2021-06-27,17:00,32,31,SK vs NC,0,0,2,FALSE,FALSE
459,2021-06-27,17:00,28,26,KIA vs 키움,0,0,2,FALSE,FALSE
460,2021-06-27,17:00,29,27,KT vs 한화,0,0,2,FALSE,FALSE
461,2021-06-29,18:30,29,30,KT vs LG,0,0,2,FALSE,FALSE
462,2021-06-29,18:30,25,32,삼성 vs SK,0,0,2,FALSE,FALSE
463,2021-06-29,18:30,31,28,NC vs KIA,0,0,2,FALSE,FALSE
464,2021-06-29,18:30,24,26,롯데 vs 키움,0,0,2,FALSE,FALSE
465,2021-06-29,18:30,23,27,두산 vs 한화,0,0,2,FALSE,FALSE
466,2021-06-30,18:30,29,30,KT vs LG,0,0,2,FALSE,FALSE
467,2021-06-30,18:30,25,32,삼성 vs SK,0,0,2,FALSE,FALSE
468,2021-06-30,18:30,31,28,NC vs KIA,0,0,2,FALSE,FALSE
469,2021-06-30,18:30,24,26,롯데 vs 키움,0,0,2,FALSE,FALSE
470,2021-06-30,18:30,23,27,두산 vs 한화,0,0,2,FALSE,FALSE
471,2021-07-01,18:30,29,30,KT vs LG,0,0,2,FALSE,FALSE
472,2021-07-01,18:30,25,32,삼성 vs SK,0,0,2,FALSE,FALSE
473,2021-07-01,18:30,31,28,NC vs KIA,0,0,2,FALSE,FALSE
474,2021-07-01,18:30,24,26,롯데 vs 키움,0,0,2,FALSE,FALSE
475,2021-07-01,18:30,23,27,두산 vs 한화,0,0,2,FALSE,FALSE
476,2021-07-02,18:30,27,30,한화 vs LG,0,0,2,FALSE,FALSE
477,2021-07-02,18:30,24,32,롯데 vs SK,0,0,2,FALSE,FALSE
478,2021-07-02,18:30,25,31,삼성 vs NC,0,0,2,FALSE,FALSE
479,2021-07-02,18:30,26,29,키움 vs KT,0,0,2,FALSE,FALSE
480,2021-07-02,18:30,23,28,두산 vs KIA,0,0,2,FALSE,FALSE
481,2021-07-03,18:00,27,30,한화 vs LG,0,0,2,FALSE,FALSE
482,2021-07-03,18:00,24,32,롯데 vs SK,0,0,2,FALSE,FALSE
483,2021-07-03,18:00,25,31,삼성 vs NC,0,0,2,FALSE,FALSE
484,2021-07-03,18:00,26,29,키움 vs KT,0,0,2,FALSE,FALSE
485,2021-07-03,18:00,23,28,두산 vs KIA,0,0,2,FALSE,FALSE
486,2021-07-04,17:00,27,30,한화 vs LG,0,0,2,FALSE,FALSE
487,2021-07-04,17:00,24,32,롯데 vs SK,0,0,2,FALSE,FALSE
488,2021-07-04,17:00,25,31,삼성 vs NC,0,0,2,FALSE,FALSE
489,2021-07-04,17:00,26,29,키움 vs KT,0,0,2,FALSE,FALSE
490,2021-07-04,17:00,23,28,두산 vs KIA,0,0,2,FALSE,FALSE
491,2021-07-06,18:30,31,23,NC vs 두산,0,0,2,FALSE,FALSE
492,2021-07-06,18:30,30,24,LG vs 롯데,0,0,2,FALSE,FALSE
493,2021-07-06,18:30,29,25,KT vs 삼성,0,0,2,FALSE,FALSE
494,2021-07-06,18:30,32,26,SK vs 키움,0,0,2,FALSE,FALSE
495,2021-07-06,18:30,28,27,KIA vs 한화,0,0,2,FALSE,FALSE
496,2021-07-07,18:30,31,23,NC vs 두산,0,0,2,FALSE,FALSE
497,2021-07-07,18:30,30,24,LG vs 롯데,0,0,2,FALSE,FALSE
498,2021-07-07,18:30,29,25,KT vs 삼성,0,0,2,FALSE,FALSE
499,2021-07-07,18:30,32,26,SK vs 키움,0,0,2,FALSE,FALSE
500,2021-07-07,18:30,28,27,KIA vs 한화,0,0,2,FALSE,FALSE
501,2021-07-08,18:30,31,23,NC vs 두산,0,0,2,FALSE,FALSE
502,2021-07-08,18:30,30,24,LG vs 롯데,0,0,2,FALSE,FALSE
503,2021-07-08,18:30,29,25,KT vs 삼성,0,0,2,FALSE,FALSE
504,2021-07-08,18:30,32,26,SK vs 키움,0,0,2,FALSE,FALSE
505,2021-07-08,18:30,28,27,KIA vs 한화,0,0,2,FALSE,FALSE
506,2021-07-09,18:30,30,23,LG vs 두산,0,0,2,FALSE,FALSE
507,2021-07-09,18:30,27,32,한화 vs SK,0,0,2,FALSE,FALSE
508,2021-07-09,18:30,24,25,롯데 vs 삼성,0,0,2,FALSE,FALSE
509,2021-07-09,18:30,29,28,KT vs KIA,0,0,2,FALSE,FALSE
510,2021-07-09,18:30,31,26,NC vs 키움,0,0,2,FALSE,FALSE
511,2021-07-10,18:00,30,23,LG vs 두산,0,0,2,FALSE,FALSE
512,2021-07-10,18:00,27,32,한화 vs SK,0,0,2,FALSE,FALSE
513,2021-07-10,18:00,24,25,롯데 vs 삼성,0,0,2,FALSE,FALSE
514,2021-07-10,18:00,29,28,KT vs KIA,0,0,2,FALSE,FALSE
515,2021-07-10,18:00,31,26,NC vs 키움,0,0,2,FALSE,FALSE
516,2021-07-11,17:00,30,23,LG vs 두산,0,0,2,FALSE,FALSE
517,2021-07-11,17:00,27,32,한화 vs SK,0,0,2,FALSE,FALSE
518,2021-07-11,17:00,24,25,롯데 vs 삼성,0,0,2,FALSE,FALSE
519,2021-07-11,17:00,29,28,KT vs KIA,0,0,2,FALSE,FALSE
520,2021-07-11,17:00,31,26,NC vs 키움,0,0,2,FALSE,FALSE
521,2021-07-13,18:30,26,30,키움 vs LG,0,0,2,FALSE,FALSE
522,2021-07-13,18:30,23,32,두산 vs SK,0,0,2,FALSE,FALSE
523,2021-07-13,18:30,27,24,한화 vs 롯데,0,0,2,FALSE,FALSE
524,2021-07-13,18:30,31,29,NC vs KT,0,0,2,FALSE,FALSE
525,2021-07-13,18:30,25,28,삼성 vs KIA,0,0,2,FALSE,FALSE
526,2021-07-14,18:30,26,30,키움 vs LG,0,0,2,FALSE,FALSE
527,2021-07-14,18:30,23,32,두산 vs SK,0,0,2,FALSE,FALSE
528,2021-07-14,18:30,27,24,한화 vs 롯데,0,0,2,FALSE,FALSE
529,2021-07-14,18:30,31,29,NC vs KT,0,0,2,FALSE,FALSE
530,2021-07-14,18:30,25,28,삼성 vs KIA,0,0,2,FALSE,FALSE
531,2021-07-15,18:30,26,30,키움 vs LG,0,0,2,FALSE,FALSE
532,2021-07-15,18:30,23,32,두산 vs SK,0,0,2,FALSE,FALSE
533,2021-07-15,18:30,27,24,한화 vs 롯데,0,0,2,FALSE,FALSE
534,2021-07-15,18:30,31,29,NC vs KT,0,0,2,FALSE,FALSE
535,2021-07-15,18:30,25,28,삼성 vs KIA,0,0,2,FALSE,FALSE
536,2021-07-16,18:30,29,23,KT vs 두산,0,0,2,FALSE,FALSE
537,2021-07-16,18:30,32,24,SK vs 롯데,0,0,2,FALSE,FALSE
538,2021-07-16,18:30,26,25,키움 vs 삼성,0,0,2,FALSE,FALSE
539,2021-07-16,18:30,28,31,KIA vs NC,0,0,2,FALSE,FALSE
540,2021-07-16,18:30,30,27,LG vs 한화,0,0,2,FALSE,FALSE
541,2021-07-17,18:00,29,23,KT vs 두산,0,0,2,FALSE,FALSE
542,2021-07-17,18:00,32,24,SK vs 롯데,0,0,2,FALSE,FALSE
543,2021-07-17,18:00,26,25,키움 vs 삼성,0,0,2,FALSE,FALSE
544,2021-07-17,18:00,28,31,KIA vs NC,0,0,2,FALSE,FALSE
545,2021-07-17,18:00,30,27,LG vs 한화,0,0,2,FALSE,FALSE
546,2021-07-18,17:00,29,23,KT vs 두산,0,0,2,FALSE,FALSE
547,2021-07-18,17:00,32,24,SK vs 롯데,0,0,2,FALSE,FALSE
548,2021-07-18,17:00,26,25,키움 vs 삼성,0,0,2,FALSE,FALSE
549,2021-07-18,17:00,28,31,KIA vs NC,0,0,2,FALSE,FALSE
550,2021-07-18,17:00,30,27,LG vs 한화,0,0,2,FALSE,FALSE
551,2021-08-10,18:30,32,30,SK vs LG,0,0,2,FALSE,FALSE
552,2021-08-10,18:30,23,25,두산 vs 삼성,0,0,2,FALSE,FALSE
553,2021-08-10,18:30,24,31,롯데 vs NC,0,0,2,FALSE,FALSE
554,2021-08-10,18:30,27,28,한화 vs KIA,0,0,2,FALSE,FALSE
555,2021-08-10,18:30,29,26,KT vs 키움,0,0,2,FALSE,FALSE
556,2021-08-11,18:30,32,30,SK vs LG,0,0,2,FALSE,FALSE
557,2021-08-11,18:30,23,25,두산 vs 삼성,0,0,2,FALSE,FALSE
558,2021-08-11,18:30,24,31,롯데 vs NC,0,0,2,FALSE,FALSE
559,2021-08-11,18:30,27,28,한화 vs KIA,0,0,2,FALSE,FALSE
560,2021-08-11,18:30,29,26,KT vs 키움,0,0,2,FALSE,FALSE
561,2021-08-12,18:30,32,30,SK vs LG,0,0,2,FALSE,FALSE
562,2021-08-12,18:30,23,25,두산 vs 삼성,0,0,2,FALSE,FALSE
563,2021-08-12,18:30,24,31,롯데 vs NC,0,0,2,FALSE,FALSE
564,2021-08-12,18:30,27,28,한화 vs KIA,0,0,2,FALSE,FALSE
565,2021-08-12,18:30,29,26,KT vs 키움,0,0,2,FALSE,FALSE
566,2021-08-13,18:30,24,30,롯데 vs LG,0,0,2,FALSE,FALSE
567,2021-08-13,18:30,28,32,KIA vs SK,0,0,2,FALSE,FALSE
568,2021-08-13,18:30,25,29,삼성 vs KT,0,0,2,FALSE,FALSE
569,2021-08-13,18:30,23,26,두산 vs 키움,0,0,2,FALSE,FALSE
570,2021-08-13,18:30,31,27,NC vs 한화,0,0,2,FALSE,FALSE
571,2021-08-14,18:00,24,30,롯데 vs LG,0,0,2,FALSE,FALSE
572,2021-08-14,18:00,28,32,KIA vs SK,0,0,2,FALSE,FALSE
573,2021-08-14,18:00,25,29,삼성 vs KT,0,0,2,FALSE,FALSE
574,2021-08-14,18:00,23,26,두산 vs 키움,0,0,2,FALSE,FALSE
575,2021-08-14,18:00,31,27,NC vs 한화,0,0,2,FALSE,FALSE
576,2021-08-15,17:00,24,30,롯데 vs LG,0,0,2,FALSE,FALSE
577,2021-08-15,17:00,28,32,KIA vs SK,0,0,2,FALSE,FALSE
578,2021-08-15,17:00,25,29,삼성 vs KT,0,0,2,FALSE,FALSE
579,2021-08-15,17:00,23,26,두산 vs 키움,0,0,2,FALSE,FALSE
580,2021-08-15,17:00,31,27,NC vs 한화,0,0,2,FALSE,FALSE
581,2021-08-17,18:30,28,23,KIA vs 두산,0,0,2,FALSE,FALSE
582,2021-08-17,18:30,31,32,NC vs SK,0,0,2,FALSE,FALSE
583,2021-08-17,18:30,26,24,키움 vs 롯데,0,0,2,FALSE,FALSE
584,2021-08-17,18:30,30,29,LG vs KT,0,0,2,FALSE,FALSE
585,2021-08-17,18:30,25,27,삼성 vs 한화,0,0,2,FALSE,FALSE
586,2021-08-18,18:30,28,23,KIA vs 두산,0,0,2,FALSE,FALSE
587,2021-08-18,18:30,31,32,NC vs SK,0,0,2,FALSE,FALSE
588,2021-08-18,18:30,26,24,키움 vs 롯데,0,0,2,FALSE,FALSE
589,2021-08-18,18:30,30,29,LG vs KT,0,0,2,FALSE,FALSE
590,2021-08-18,18:30,25,27,삼성 vs 한화,0,0,2,FALSE,FALSE
591,2021-08-19,18:30,28,23,KIA vs 두산,0,0,2,FALSE,FALSE
592,2021-08-19,18:30,31,32,NC vs SK,0,0,2,FALSE,FALSE
593,2021-08-19,18:30,26,24,키움 vs 롯데,0,0,2,FALSE,FALSE
594,2021-08-19,18:30,30,29,LG vs KT,0,0,2,FALSE,FALSE
595,2021-08-19,18:30,25,27,삼성 vs 한화,0,0,2,FALSE,FALSE
596,2021-08-20,18:30,27,23,한화 vs 두산,0,0,2,FALSE,FALSE
597,2021-08-20,18:30,29,24,KT vs 롯데,0,0,2,FALSE,FALSE
598,2021-08-20,18:30,32,25,SK vs 삼성,0,0,2,FALSE,FALSE
599,2021-08-20,18:30,30,31,LG vs NC,0,0,2,FALSE,FALSE
600,2021-08-20,18:30,26,28,키움 vs KIA,0,0,2,FALSE,FALSE
601,2021-08-21,18:00,27,23,한화 vs 두산,0,0,2,FALSE,FALSE
602,2021-08-21,18:00,29,24,KT vs 롯데,0,0,2,FALSE,FALSE
603,2021-08-21,18:00,32,25,SK vs 삼성,0,0,2,FALSE,FALSE
604,2021-08-21,18:00,30,31,LG vs NC,0,0,2,FALSE,FALSE
605,2021-08-21,18:00,26,28,키움 vs KIA,0,0,2,FALSE,FALSE
606,2021-08-22,17:00,27,23,한화 vs 두산,0,0,2,FALSE,FALSE
607,2021-08-22,17:00,29,24,KT vs 롯데,0,0,2,FALSE,FALSE
608,2021-08-22,17:00,32,25,SK vs 삼성,0,0,2,FALSE,FALSE
609,2021-08-22,17:00,30,31,LG vs NC,0,0,2,FALSE,FALSE
610,2021-08-22,17:00,26,28,키움 vs KIA,0,0,2,FALSE,FALSE
611,2021-08-25,18:30,25,30,삼성 vs LG,0,0,2,FALSE,FALSE
612,2021-08-25,18:30,23,31,두산 vs NC,0,0,2,FALSE,FALSE
613,2021-08-25,18:30,32,29,SK vs KT,0,0,2,FALSE,FALSE
614,2021-08-25,18:30,24,28,롯데 vs KIA,0,0,2,FALSE,FALSE
615,2021-08-25,18:30,27,26,한화 vs 키움,0,0,2,FALSE,FALSE
616,2021-08-26,18:30,25,30,삼성 vs LG,0,0,2,FALSE,FALSE
617,2021-08-26,18:30,23,31,두산 vs NC,0,0,2,FALSE,FALSE
618,2021-08-26,18:30,32,29,SK vs KT,0,0,2,FALSE,FALSE
619,2021-08-26,18:30,24,28,롯데 vs KIA,0,0,2,FALSE,FALSE
620,2021-08-26,18:30,27,26,한화 vs 키움,0,0,2,FALSE,FALSE
621,2021-08-27,18:30,25,30,삼성 vs LG,0,0,2,FALSE,FALSE
622,2021-08-27,18:30,23,31,두산 vs NC,0,0,2,FALSE,FALSE
623,2021-08-27,18:30,32,29,SK vs KT,0,0,2,FALSE,FALSE
624,2021-08-27,18:30,24,28,롯데 vs KIA,0,0,2,FALSE,FALSE
625,2021-08-27,18:30,27,26,한화 vs 키움,0,0,2,FALSE,FALSE
626,2021-08-28,18:00,26,30,키움 vs LG,0,0,2,FALSE,FALSE
627,2021-08-28,18:00,28,32,KIA vs SK,0,0,2,FALSE,FALSE
628,2021-08-28,18:00,23,24,두산 vs 롯데,0,0,2,FALSE,FALSE
629,2021-08-28,18:00,25,29,삼성 vs KT,0,0,2,FALSE,FALSE
630,2021-08-28,18:00,31,27,NC vs 한화,0,0,2,FALSE,FALSE
631,2021-08-29,17:00,26,30,키움 vs LG,0,0,2,FALSE,FALSE
632,2021-08-29,17:00,28,32,KIA vs SK,0,0,2,FALSE,FALSE
633,2021-08-29,17:00,23,24,두산 vs 롯데,0,0,2,FALSE,FALSE
634,2021-08-29,17:00,25,29,삼성 vs KT,0,0,2,FALSE,FALSE
635,2021-08-29,17:00,31,27,NC vs 한화,0,0,2,FALSE,FALSE
636,2021-08-31,18:30,28,23,KIA vs 두산,0,0,2,FALSE,FALSE
637,2021-08-31,18:30,31,32,NC vs SK,0,0,2,FALSE,FALSE
638,2021-08-31,18:30,30,24,LG vs 롯데,0,0,2,FALSE,FALSE
639,2021-08-31,18:30,26,25,키움 vs 삼성,0,0,2,FALSE,FALSE
640,2021-08-31,18:30,29,27,KT vs 한화,0,0,2,FALSE,FALSE
641,2021-09-01,18:30,28,23,KIA vs 두산,0,0,2,FALSE,FALSE
642,2021-09-01,18:30,31,32,NC vs SK,0,0,2,FALSE,FALSE
643,2021-09-01,18:30,30,24,LG vs 롯데,0,0,2,FALSE,FALSE
644,2021-09-01,18:30,26,25,키움 vs 삼성,0,0,2,FALSE,FALSE
645,2021-09-01,18:30,29,27,KT vs 한화,0,0,2,FALSE,FALSE
646,2021-09-02,18:30,31,30,NC vs LG,0,0,2,FALSE,FALSE
647,2021-09-02,18:30,23,32,두산 vs SK,0,0,2,FALSE,FALSE
648,2021-09-02,18:30,27,24,한화 vs 롯데,0,0,2,FALSE,FALSE
649,2021-09-02,18:30,25,28,삼성 vs KIA,0,0,2,FALSE,FALSE
650,2021-09-02,18:30,29,26,KT vs 키움,0,0,2,FALSE,FALSE
651,2021-09-03,18:30,31,30,NC vs LG,0,0,2,FALSE,FALSE
652,2021-09-03,18:30,23,32,두산 vs SK,0,0,2,FALSE,FALSE
653,2021-09-03,18:30,27,24,한화 vs 롯데,0,0,2,FALSE,FALSE
654,2021-09-03,18:30,25,28,삼성 vs KIA,0,0,2,FALSE,FALSE
655,2021-09-03,18:30,29,26,KT vs 키움,0,0,2,FALSE,FALSE
656,2021-09-04,17:00,29,30,KT vs LG,0,0,2,FALSE,FALSE
657,2021-09-04,17:00,23,25,두산 vs 삼성,0,0,2,FALSE,FALSE
658,2021-09-04,17:00,24,31,롯데 vs NC,0,0,2,FALSE,FALSE
659,2021-09-04,17:00,32,26,SK vs 키움,0,0,2,FALSE,FALSE
660,2021-09-04,17:00,28,27,KIA vs 한화,0,0,2,FALSE,FALSE
661,2021-09-05,14:00,29,30,KT vs LG,0,0,2,FALSE,FALSE
662,2021-09-05,14:00,23,25,두산 vs 삼성,0,0,2,FALSE,FALSE
663,2021-09-05,14:00,24,31,롯데 vs NC,0,0,2,FALSE,FALSE
664,2021-09-05,14:00,32,26,SK vs 키움,0,0,2,FALSE,FALSE
665,2021-09-05,14:00,28,27,KIA vs 한화,0,0,2,FALSE,FALSE
666,2021-09-07,18:30,26,23,키움 vs 두산,0,0,2,FALSE,FALSE
667,2021-09-07,18:30,30,32,LG vs SK,0,0,2,FALSE,FALSE
668,2021-09-07,18:30,24,25,롯데 vs 삼성,0,0,2,FALSE,FALSE
669,2021-09-07,18:30,27,31,한화 vs NC,0,0,2,FALSE,FALSE
670,2021-09-07,18:30,28,29,KIA vs KT,0,0,2,FALSE,FALSE
671,2021-09-08,18:30,26,23,키움 vs 두산,0,0,2,FALSE,FALSE
672,2021-09-08,18:30,30,32,LG vs SK,0,0,2,FALSE,FALSE
673,2021-09-08,18:30,24,25,롯데 vs 삼성,0,0,2,FALSE,FALSE
674,2021-09-08,18:30,27,31,한화 vs NC,0,0,2,FALSE,FALSE
675,2021-09-08,18:30,28,29,KIA vs KT,0,0,2,FALSE,FALSE
676,2021-09-09,18:30,27,30,한화 vs LG,0,0,2,FALSE,FALSE
677,2021-09-09,18:30,32,24,SK vs 롯데,0,0,2,FALSE,FALSE
678,2021-09-09,18:30,29,25,KT vs 삼성,0,0,2,FALSE,FALSE
679,2021-09-09,18:30,23,31,두산 vs NC,0,0,2,FALSE,FALSE
680,2021-09-09,18:30,28,26,KIA vs 키움,0,0,2,FALSE,FALSE
681,2021-09-10,18:30,27,30,한화 vs LG,0,0,2,FALSE,FALSE
682,2021-09-10,18:30,32,24,SK vs 롯데,0,0,2,FALSE,FALSE
683,2021-09-10,18:30,29,25,KT vs 삼성,0,0,2,FALSE,FALSE
684,2021-09-10,18:30,23,31,두산 vs NC,0,0,2,FALSE,FALSE
685,2021-09-10,18:30,28,26,KIA vs 키움,0,0,2,FALSE,FALSE
686,2021-09-11,17:00,30,23,LG vs 두산,0,0,2,FALSE,FALSE
687,2021-09-11,17:00,26,24,키움 vs 롯데,0,0,2,FALSE,FALSE
688,2021-09-11,17:00,32,29,SK vs KT,0,0,2,FALSE,FALSE
689,2021-09-11,17:00,31,28,NC vs KIA,0,0,2,FALSE,FALSE
690,2021-09-11,17:00,25,27,삼성 vs 한화,0,0,2,FALSE,FALSE
691,2021-09-12,14:00,30,23,LG vs 두산,0,0,2,FALSE,FALSE
692,2021-09-12,14:00,26,24,키움 vs 롯데,0,0,2,FALSE,FALSE
693,2021-09-12,14:00,32,29,SK vs KT,0,0,2,FALSE,FALSE
694,2021-09-12,14:00,31,28,NC vs KIA,0,0,2,FALSE,FALSE
695,2021-09-12,14:00,25,27,삼성 vs 한화,0,0,2,FALSE,FALSE
696,2021-09-14,18:30,29,23,KT vs 두산,0,0,2,FALSE,FALSE
697,2021-09-14,18:30,27,32,한화 vs SK,0,0,2,FALSE,FALSE
698,2021-09-14,18:30,30,25,LG vs 삼성,0,0,2,FALSE,FALSE
699,2021-09-14,18:30,26,31,키움 vs NC,0,0,2,FALSE,FALSE
700,2021-09-14,18:30,24,28,롯데 vs KIA,0,0,2,FALSE,FALSE
701,2021-09-15,18:30,29,23,KT vs 두산,0,0,2,FALSE,FALSE
702,2021-09-15,18:30,27,32,한화 vs SK,0,0,2,FALSE,FALSE
703,2021-09-15,18:30,30,25,LG vs 삼성,0,0,2,FALSE,FALSE
704,2021-09-15,18:30,26,31,키움 vs NC,0,0,2,FALSE,FALSE
705,2021-09-15,18:30,24,28,롯데 vs KIA,0,0,2,FALSE,FALSE
706,2021-09-16,18:30,32,23,SK vs 두산,0,0,2,FALSE,FALSE
707,2021-09-16,18:30,28,25,KIA vs 삼성,0,0,2,FALSE,FALSE
708,2021-09-16,18:30,30,31,LG vs NC,0,0,2,FALSE,FALSE
709,2021-09-16,18:30,24,29,롯데 vs KT,0,0,2,FALSE,FALSE
710,2021-09-16,18:30,27,26,한화 vs 키움,0,0,2,FALSE,FALSE
711,2021-09-17,18:30,32,23,SK vs 두산,0,0,2,FALSE,FALSE
712,2021-09-17,18:30,28,25,KIA vs 삼성,0,0,2,FALSE,FALSE
713,2021-09-17,18:30,30,31,LG vs NC,0,0,2,FALSE,FALSE
714,2021-09-17,18:30,24,29,롯데 vs KT,0,0,2,FALSE,FALSE
715,2021-09-17,18:30,27,26,한화 vs 키움,0,0,2,FALSE,FALSE
716,2021-09-18,17:00,28,30,KIA vs LG,0,0,2,FALSE,FALSE
717,2021-09-18,17:00,25,32,삼성 vs SK,0,0,2,FALSE,FALSE
718,2021-09-18,17:00,29,31,KT vs NC,0,0,2,FALSE,FALSE
719,2021-09-18,17:00,23,26,두산 vs 키움,0,0,2,FALSE,FALSE
720,2021-09-18,17:00,24,27,롯데 vs 한화,0,0,2,FALSE,FALSE
721,2021-09-19,14:00,28,30,KIA vs LG,0,0,2,FALSE,FALSE
722,2021-09-19,14:00,25,32,삼성 vs SK,0,0,2,FALSE,FALSE
723,2021-09-19,14:00,29,31,KT vs NC,0,0,2,FALSE,FALSE
724,2021-09-19,14:00,23,26,두산 vs 키움,0,0,2,FALSE,FALSE
725,2021-09-19,14:00,24,27,롯데 vs 한화,0,0,2,FALSE,FALSE
726,2021-09-21,14:00,31,23,NC vs 두산,0,0,2,FALSE,FALSE
727,2021-09-21,14:00,26,32,키움 vs SK,0,0,2,FALSE,FALSE
728,2021-09-21,14:00,25,24,삼성 vs 롯데,0,0,2,FALSE,FALSE
729,2021-09-21,14:00,29,28,KT vs KIA,0,0,2,FALSE,FALSE
730,2021-09-21,14:00,30,27,LG vs 한화,0,0,2,FALSE,FALSE
731,2021-09-22,14:00,31,23,NC vs 두산,0,0,2,FALSE,FALSE
732,2021-09-22,14:00,26,32,키움 vs SK,0,0,2,FALSE,FALSE
733,2021-09-22,14:00,25,24,삼성 vs 롯데,0,0,2,FALSE,FALSE
734,2021-09-22,14:00,29,28,KT vs KIA,0,0,2,FALSE,FALSE
735,2021-09-22,14:00,30,27,LG vs 한화,0,0,2,FALSE,FALSE
736,2021-09-23,18:30,25,30,삼성 vs LG,0,0,2,FALSE,FALSE
737,2021-09-23,18:30,24,32,롯데 vs SK,0,0,2,FALSE,FALSE
738,2021-09-23,18:30,27,29,한화 vs KT,0,0,2,FALSE,FALSE
739,2021-09-23,18:30,23,28,두산 vs KIA,0,0,2,FALSE,FALSE
740,2021-09-23,18:30,31,26,NC vs 키움,0,0,2,FALSE,FALSE
741,2021-09-24,18:30,25,30,삼성 vs LG,0,0,2,FALSE,FALSE
742,2021-09-24,18:30,24,32,롯데 vs SK,0,0,2,FALSE,FALSE
743,2021-09-24,18:30,27,29,한화 vs KT,0,0,2,FALSE,FALSE
744,2021-09-24,18:30,23,28,두산 vs KIA,0,0,2,FALSE,FALSE
745,2021-09-24,18:30,31,26,NC vs 키움,0,0,2,FALSE,FALSE
746,2021-09-25,17:00,27,23,한화 vs 두산,0,0,2,FALSE,FALSE
747,2021-09-25,17:00,31,25,NC vs 삼성,0,0,2,FALSE,FALSE
748,2021-09-25,17:00,30,29,LG vs KT,0,0,2,FALSE,FALSE
749,2021-09-25,17:00,32,28,SK vs KIA,0,0,2,FALSE,FALSE
750,2021-09-25,17:00,24,26,롯데 vs 키움,0,0,2,FALSE,FALSE
751,2021-09-26,14:00,27,23,한화 vs 두산,0,0,2,FALSE,FALSE
752,2021-09-26,14:00,31,25,NC vs 삼성,0,0,2,FALSE,FALSE
753,2021-09-26,14:00,30,29,LG vs KT,0,0,2,FALSE,FALSE
754,2021-09-26,14:00,32,28,SK vs KIA,0,0,2,FALSE,FALSE
755,2021-09-26,14:00,24,26,롯데 vs 키움,0,0,2,FALSE,FALSE
756,2021-09-28,18:30,24,30,롯데 vs LG,0,0,2,FALSE,FALSE
757,2021-09-28,18:30,32,25,SK vs 삼성,0,0,2,FALSE,FALSE
758,2021-09-28,18:30,28,31,KIA vs NC,0,0,2,FALSE,FALSE
759,2021-09-28,18:30,23,29,두산 vs KT,0,0,2,FALSE,FALSE
760,2021-09-28,18:30,26,27,키움 vs 한화,0,0,2,FALSE,FALSE
761,2021-09-29,18:30,24,30,롯데 vs LG,0,0,2,FALSE,FALSE
762,2021-09-29,18:30,32,25,SK vs 삼성,0,0,2,FALSE,FALSE
763,2021-09-29,18:30,28,31,KIA vs NC,0,0,2,FALSE,FALSE
764,2021-09-29,18:30,23,29,두산 vs KT,0,0,2,FALSE,FALSE
765,2021-09-29,18:30,26,27,키움 vs 한화,0,0,2,FALSE,FALSE
766,2021-09-30,18:30,23,30,두산 vs LG,0,0,2,FALSE,FALSE
767,2021-09-30,18:30,29,24,KT vs 롯데,0,0,2,FALSE,FALSE
768,2021-09-30,18:30,27,25,한화 vs 삼성,0,0,2,FALSE,FALSE
769,2021-09-30,18:30,32,31,SK vs NC,0,0,2,FALSE,FALSE
770,2021-09-30,18:30,26,28,키움 vs KIA,0,0,2,FALSE,FALSE
771,2021-10-01,18:30,23,30,두산 vs LG,0,0,2,FALSE,FALSE
772,2021-10-01,18:30,29,24,KT vs 롯데,0,0,2,FALSE,FALSE
773,2021-10-01,18:30,27,25,한화 vs 삼성,0,0,2,FALSE,FALSE
774,2021-10-01,18:30,32,31,SK vs NC,0,0,2,FALSE,FALSE
775,2021-10-01,18:30,26,28,키움 vs KIA,0,0,2,FALSE,FALSE
776,2021-10-02,17:00,25,23,삼성 vs 두산,0,0,2,FALSE,FALSE
777,2021-10-02,17:00,29,32,KT vs SK,0,0,2,FALSE,FALSE
778,2021-10-02,17:00,31,24,NC vs 롯데,0,0,2,FALSE,FALSE
779,2021-10-02,17:00,27,28,한화 vs KIA,0,0,2,FALSE,FALSE
780,2021-10-02,17:00,30,26,LG vs 키움,0,0,2,FALSE,FALSE
781,2021-10-03,14:00,25,23,삼성 vs 두산,0,0,2,FALSE,FALSE
782,2021-10-03,14:00,29,32,KT vs SK,0,0,2,FALSE,FALSE
783,2021-10-03,14:00,31,24,NC vs 롯데,0,0,2,FALSE,FALSE
784,2021-10-03,14:00,27,28,한화 vs KIA,0,0,2,FALSE,FALSE
785,2021-10-03,14:00,30,26,LG vs 키움,0,0,2,FALSE,FALSE
786,2021-10-05,18:30,32,30,SK vs LG,0,0,2,FALSE,FALSE
787,2021-10-05,18:30,28,24,KIA vs 롯데,0,0,2,FALSE,FALSE
788,2021-10-05,18:30,31,29,NC vs KT,0,0,2,FALSE,FALSE
789,2021-10-05,18:30,25,26,삼성 vs 키움,0,0,2,FALSE,FALSE
790,2021-10-05,18:30,23,27,두산 vs 한화,0,0,2,FALSE,FALSE
791,2021-10-06,18:30,32,30,SK vs LG,0,0,2,FALSE,FALSE
792,2021-10-06,18:30,28,24,KIA vs 롯데,0,0,2,FALSE,FALSE
793,2021-10-06,18:30,31,29,NC vs KT,0,0,2,FALSE,FALSE
794,2021-10-06,18:30,25,26,삼성 vs 키움,0,0,2,FALSE,FALSE
795,2021-10-06,18:30,23,27,두산 vs 한화,0,0,2,FALSE,FALSE
796,2021-10-07,18:30,24,23,롯데 vs 두산,0,0,2,FALSE,FALSE
797,2021-10-07,18:30,25,31,삼성 vs NC,0,0,2,FALSE,FALSE
798,2021-10-07,18:30,26,29,키움 vs KT,0,0,2,FALSE,FALSE
799,2021-10-07,18:30,30,28,LG vs KIA,0,0,2,FALSE,FALSE
800,2021-10-07,18:30,32,27,SK vs 한화,0,0,2,FALSE,FALSE
801,2021-10-08,18:30,24,23,롯데 vs 두산,0,0,2,FALSE,FALSE
802,2021-10-08,18:30,25,31,삼성 vs NC,0,0,2,FALSE,FALSE
803,2021-10-08,18:30,26,29,키움 vs KT,0,0,2,FALSE,FALSE
804,2021-10-08,18:30,30,28,LG vs KIA,0,0,2,FALSE,FALSE
805,2021-10-08,18:30,32,27,SK vs 한화,0,0,2,FALSE,FALSE
